"","pairs","Df","SumsOfSqs","F.Model","R2","p.value","p.adjusted","sig"
"1","Blank vs Svalbard",1,1.30074352566014,3.23186423868466,0.128086621270325,0.001,0.006,"*"
"2","Blank vs Land",1,3.7426195330733,13.879197341849,0.262469894392003,0.001,0.006,"*"
"3","Blank vs pre-historic",1,2.27078026434533,6.69941270517637,0.233433790927995,0.001,0.006,"*"
"4","Svalbard vs Land",1,0.465684965787374,2.56052915343187,0.0866198686817012,0.014,0.084,""
"5","Svalbard vs pre-historic",1,0.366552934280441,1.9804689158947,0.165308130240811,0.032,0.192,""
"6","Land vs pre-historic",1,0.348014126756934,2.67473786504648,0.0901351808804693,0.047,0.282,""
